<?xml version="1.0" encoding="utf-8"?>
<!--/15287896/904723/2.49/4/4/Undefined or Miscellaneous/-->
<quadcept_library>
  <setting unit="mil" />
  <textstyle name="Default" height="47.244094488189" strokewidth="7.8740157480315" charwidth="47.244094488189" />
  <textstyle name="Dimension" height="19.6850393700787" strokewidth="0" charwidth="19.6850393700787" />
  <textstyle name="H127W0635TH00762" height="50" strokewidth="3" charwidth="25" />
  <textstyle name="H15W15TH02" height="59.0551181102362" strokewidth="7.8740157480315" charwidth="59.0551181102362" />
  <padstyle name="c133.7_h78" surface="False" plated="True" isvia="False" nopaste="True" nomask="True" complex="False" holesize="30.708661417322">
    <padshape layer="TOP" shape="round" width="52.63779527559" height="52.63779527559" />
    <padshape layer="TOP_SOLDER_MASK" shape="round" width="60.511811023621" height="60.511811023621" />
    <padshape layer="INNER" shape="round" width="52.63779527559" height="52.63779527559" />
    <padshape layer="BOTTOM" shape="round" width="52.63779527559" height="52.63779527559" />
    <padshape layer="BOTTOM_SOLDER_MASK" shape="round" width="60.511811023621" height="60.511811023621" />
  </padstyle>
  <padstyle name="s133.7_h78" surface="False" plated="True" isvia="False" nopaste="True" nomask="True" complex="False" holesize="30.708661417322">
    <padshape layer="TOP" shape="square" width="52.63779527559" height="52.63779527559" />
    <padshape layer="TOP_SOLDER_MASK" shape="square" width="60.511811023621" height="60.511811023621" />
    <padshape layer="INNER" shape="square" width="52.63779527559" height="52.63779527559" />
    <padshape layer="BOTTOM" shape="square" width="52.63779527559" height="52.63779527559" />
    <padshape layer="BOTTOM_SOLDER_MASK" shape="square" width="60.511811023621" height="60.511811023621" />
  </padstyle>
  <footprint name="01000063Z" originx="0" originy="0" pickpointx="0" pickpointy="0">
    <pcbpin number="1" name="1" style="s133.7_h78" originx="0" originy="0" rotation="90" />
    <pcbpin number="2" name="2" style="c133.7_h78" originx="145.66929133858" originy="0" rotation="90" />
    <pcbpin number="3" name="3" style="c133.7_h78" originx="314.96062992126" originy="0" rotation="90" />
    <pcbpin number="4" name="4" style="c133.7_h78" originx="460.62992125984" originy="0" rotation="90" />
    <line layer="TOP_ASSEMBLY" originx="-61.023622047243" originy="94.488188976377" endx="521.65354330708" endy="94.488188976377" width="3.9370078740157" />
    <line layer="TOP_ASSEMBLY" originx="521.65354330708" originy="94.488188976377" endx="521.65354330708" endy="-94.488188976377" width="3.9370078740157" />
    <line layer="TOP_ASSEMBLY" originx="521.65354330708" originy="-94.488188976377" endx="-61.023622047243" endy="-94.488188976377" width="3.9370078740157" />
    <line layer="TOP_ASSEMBLY" originx="-61.023622047243" originy="-94.488188976377" endx="-61.023622047243" endy="94.488188976377" width="3.9370078740157" />
    <line layer="TOP_SILKSCREEN" originx="-61.023622047243" originy="94.488188976377" endx="521.65354330708" endy="94.488188976377" width="7.8740157480314" />
    <line layer="TOP_SILKSCREEN" originx="521.65354330708" originy="94.488188976377" endx="521.65354330708" endy="-94.488188976377" width="7.8740157480314" />
    <line layer="TOP_SILKSCREEN" originx="521.65354330708" originy="-94.488188976377" endx="-61.023622047243" endy="-94.488188976377" width="7.8740157480314" />
    <line layer="TOP_SILKSCREEN" originx="-61.023622047243" originy="-94.488188976377" endx="-61.023622047243" endy="94.488188976377" width="7.8740157480314" />
    <line layer="TOP_PLACE_BOUND" originx="-100.3937007874" originy="133.85826771653" endx="561.02362204724" endy="133.85826771653" width="3.9370078740157" />
    <line layer="TOP_PLACE_BOUND" originx="561.02362204724" originy="133.85826771653" endx="561.02362204724" endy="-133.85826771653" width="3.9370078740157" />
    <line layer="TOP_PLACE_BOUND" originx="561.02362204724" originy="-133.85826771653" endx="-100.3937007874" endy="-133.85826771653" width="3.9370078740157" />
    <line layer="TOP_PLACE_BOUND" originx="-100.3937007874" originy="-133.85826771653" endx="-100.3937007874" endy="133.85826771653" width="3.9370078740157" />
    <line layer="TOP_SILKSCREEN" originx="-78.740157480314" originy="0" endx="-78.740157480314" endy="0" width="3.9370078740157" />
    <arc layer="TOP_SILKSCREEN" originx="-80.708661417322" originy="0" startangle=".0" sweepangle="180.0" radius="1.9685039370079" width="3.9370078740157" />
    <line layer="TOP_SILKSCREEN" originx="-82.67716535433" originy="0" endx="-82.67716535433" endy="0" width="3.9370078740157" />
    <arc layer="TOP_SILKSCREEN" originx="-80.708661417322" originy="0" startangle="180.0" sweepangle="180.0" radius="1.9685039370079" width="3.9370078740157" />
  </footprint>
  <symbol name="01000063Z" originx="0" originy="0">
    <line originx="200" originy="100" endx="600" endy="100" width="0" />
    <line originx="600" originy="-400" endx="600" endy="100" width="0" />
    <line originx="600" originy="-400" endx="200" endy="-400" width="0" />
    <line originx="200" originy="100" endx="200" endy="-400" width="0" />
    <sympin number="1" originx="200" originy="0" rotation="180" length="100" width="7.8740157480315" flipped="False">
      <text name="pinname" originx="230" originy="0" style="Default" rotation="0" justify="left" flipped="False" hidden="False" data="1" />
      <text name="pindes" originx="140" originy="20" style="Default" rotation="0" justify="lowerright" flipped="False" hidden="False" data="1" />
    </sympin>
    <sympin number="2" originx="200" originy="-100" rotation="180" length="100" width="7.8740157480315" flipped="False">
      <text name="pinname" originx="230" originy="-100" style="Default" rotation="0" justify="left" flipped="False" hidden="False" data="2" />
      <text name="pindes" originx="140" originy="-80" style="Default" rotation="0" justify="lowerright" flipped="False" hidden="False" data="2" />
    </sympin>
    <sympin number="3" originx="200" originy="-200" rotation="180" length="100" width="7.8740157480315" flipped="False">
      <text name="pinname" originx="230" originy="-200" style="Default" rotation="0" justify="left" flipped="False" hidden="False" data="3" />
      <text name="pindes" originx="140" originy="-180" style="Default" rotation="0" justify="lowerright" flipped="False" hidden="False" data="3" />
    </sympin>
    <sympin number="4" originx="200" originy="-300" rotation="180" length="100" width="7.8740157480315" flipped="False">
      <text name="pinname" originx="230" originy="-300" style="Default" rotation="0" justify="left" flipped="False" hidden="False" data="4" />
      <text name="pindes" originx="140" originy="-280" style="Default" rotation="0" justify="lowerright" flipped="False" hidden="False" data="4" />
    </sympin>
  </symbol>
  <component name="01000063Z" designatorprefix="U" height="440.94488188976" footprint="01000063Z">
    <comppin designator="1" sympin="1" pinswap="0" gateswap="0" gate="1" group="1" side="" type="Any" name="1" />
    <comppin designator="2" sympin="2" pinswap="0" gateswap="0" gate="1" group="1" side="" type="Any" name="2" />
    <comppin designator="3" sympin="3" pinswap="0" gateswap="0" gate="1" group="1" side="" type="Any" name="3" />
    <comppin designator="4" sympin="4" pinswap="0" gateswap="0" gate="1" group="1" side="" type="Any" name="4" />
    <attached_symbol gate="1" name="01000063Z" />
    <pinmap designator="1" footprintpin="1" />
    <pinmap designator="2" footprintpin="2" />
    <pinmap designator="3" footprintpin="3" />
    <pinmap designator="4" footprintpin="4" />
    <text name="Datasheet" originx="0" originy="0" style="Default" rotation="0" justify="" flipped="False" hidden="True" data="https://m.littelfuse.com/~/media/electronics/datasheets/fuse_clips/littelfuse_fuseclip_100_datasheet.pdf.pdf" />
    <text name="Description" originx="0" originy="0" style="Default" rotation="0" justify="" flipped="False" hidden="True" data="Fuse Clips FUSE HOLDER FOR MINIFUSE" />
    <text name="Manufacturer_Name" originx="0" originy="0" style="Default" rotation="0" justify="" flipped="False" hidden="True" data="LITTELFUSE" />
    <text name="Manufacturer_Part_Number" originx="650" originy="200" style="Default" rotation="0" justify="left" flipped="False" hidden="False" data="01000063Z" />
    <text name="Mouser Part Number" originx="0" originy="0" style="Default" rotation="0" justify="" flipped="False" hidden="True" data="576-01000063Z" />
    <text name="Mouser Price/Stock" originx="0" originy="0" style="Default" rotation="0" justify="" flipped="False" hidden="True" data="https://www.mouser.co.uk/ProductDetail/Littelfuse/01000063Z?qs=DPoM0jnrROVX1yuIJJJkYg%3D%3D" />
    <text name="Arrow Part Number" originx="0" originy="0" style="Default" rotation="0" justify="" flipped="False" hidden="True" data="" />
    <text name="Arrow Price/Stock" originx="0" originy="0" style="Default" rotation="0" justify="" flipped="False" hidden="True" data="" />
  </component>
</quadcept_library>
